{
  "alekiships:block": null,
  "alekiships:brewing_stand": null,
  "alekiships:furnace": null,
  "alekiships:jukebox": null,
  "alekiships:note_block": null,
  "balm:jade": null,
  "corpse:corpse": null,
  "create:backtank_capacity": null,
  "create:blaze_burner": null,
  "create:contraption_inv": null,
  "create:crafting_blueprint": null,
  "create:exact_block": null,
  "create:filter": null,
  "create:goggles": null,
  "create:hide_boiler_tanks": null,
  "create:placard": null,
  "jade:block_face": null,
  "jade:distance": null,
  "jade:mod_name": null,
  "jade:object_name": null,
  "jade:registry_name": null,
  "jadecolonies:colony.citizens": null,
  "jadecolonies:colony.colonist": null,
  "jadecolonies:colony.hut": null,
  "jadecolonies:colony.pack": null,
  "jadecolonies:colony.visitor_cost": null,
  "jadecolonies:domum.materials": null,
  "lootr:info": null,
  "lootr:inventory": null,
  "mcjtylib:jadeaddons": null,
  "midnight:nightstag": null,
  "midnight:traditional_age": null,
  "minecraft:animal_owner": null,
  "minecraft:armor_stand": null,
  "minecraft:beehive": null,
  "minecraft:block_display": null,
  "minecraft:block_states": null,
  "minecraft:brewing_stand": null,
  "minecraft:campfire": null,
  "minecraft:chicken_egg": null,
  "minecraft:chiseled_bookshelf": null,
  "minecraft:command_block": null,
  "minecraft:crop_progress": null,
  "minecraft:enchantment_power": null,
  "minecraft:energy_storage": null,
  "minecraft:entity_armor": null,
  "minecraft:entity_health": null,
  "minecraft:falling_block": null,
  "minecraft:fluid_storage": null,
  "minecraft:furnace": null,
  "minecraft:harvest_tool": null,
  "minecraft:horse_stats": null,
  "minecraft:item_ber": null,
  "minecraft:item_display": null,
  "minecraft:item_frame": null,
  "minecraft:item_storage": null,
  "minecraft:item_tooltip": null,
  "minecraft:jukebox": null,
  "minecraft:lectern": null,
  "minecraft:mob_breeding": null,
  "minecraft:mob_growth": null,
  "minecraft:mob_spawner": null,
  "minecraft:note_block": null,
  "minecraft:painting": null,
  "minecraft:player_head": null,
  "minecraft:potion_effects": null,
  "minecraft:progress": null,
  "minecraft:redstone": null,
  "minecraft:tnt_stability": null,
  "minecraft:total_enchantment_power": null,
  "minecraft:villager_profession": null,
  "minecraft:waxed": null,
  "minecraft:zombie_villager": null,
  "storagedrawers:main": null,
  "supplementaries:hat_stand": null,
  "supplementaries:present": null,
  "supplementaries:safe": null,
  "twilightforest:quest_ram_wool": null,
  "vampirism:alchemy_table": null,
  "vampirism:altar_of_infusion": null,
  "vampirism:altar_of_inspiration": null,
  "vampirism:altar_pillar": null,
  "vampirism:entity_blood": null,
  "vampirism:garlic_beacon": null,
  "vampirism:pedestal_charging": null,
  "vampirism:player_faction": null,
  "vampirism:potion_table": null,
  "vampirism:research_table": null,
  "vampirism:totem": null,
  "vampirism:weapon_table": null,
  "waystones:waystone": null
}